feature,fscore
15,0.19708751590555634
1,0.19341156510674395
11,0.10561289410434045
13,0.08892973278665348
10,0.06206701541071681
0,0.04792874310759225
12,0.0449597059239361
5,0.04439417503181111
14,0.03972854517178001
9,0.0369008907111551
7,0.0319524954050615
4,0.03068005089778029
2,0.029973137282624063
6,0.020359112116499364
8,0.01314859324190584
3,0.012865827795843348
